{
  "#ff0000": {
    "rgb": [
      255,
      0,
      0
    ],
    "hsl": [
      0,
      1,
      0.5
    ],
    "hwb": [
      0,
      0,
      0
    ],
    "lab": [
      54.29,
      80.8198,
      69.8997
    ],
    "lch": [
      54.29,
      106.854,
      40.856
    ],
    "oklab": [
      0.627966,
      0.22488,
      0.125859
    ],
    "oklch": [
      0.627966,
      0.257704,
      29.2346
    ],
    "xyz": [
      0.412426,
      0.212648,
      0.0193173
    ],
    "xyz-d65": [
      0.412426,
      0.212648,
      0.0193173
    ],
    "xyz-d50": [
      0.436066,
      0.222488,
      0.013916
    ],
    "srgb": [
      1,
      0,
      0
    ],
    "srgb-linear": [
      1,
      -1.55705e-8,
      5.58794e-9
    ],
    "display-p3": [
      0.917568,
      0.200274,
      0.13854
    ],
    "rec2020": [
      0.792027,
      0.230963,
      0.0737053
    ],
    "a98-rgb": [
      0.858635,
      -0.00641221,
      -0.00539923
    ],
    "prophoto-rgb": [
      0.702263,
      0.275682,
      0.103499
    ],
    "rgb-linear": [
      0.702263,
      0.275682,
      0.103499
    ]
  },
  "#00ff00": {
    "rgb": [
      0,
      255,
      0
    ],
    "hsl": [
      120,
      1,
      0.5
    ],
    "hwb": [
      120,
      0,
      0
    ],
    "lab": [
      87.8179,
      -79.2574,
      80.9949
    ],
    "lch": [
      87.8179,
      113.322,
      134.379
    ],
    "oklab": [
      0.866435,
      -0.23384,
      0.179502
    ],
    "oklch": [
      0.866435,
      0.294791,
      142.489
    ],
    "xyz": [
      0.357628,
      0.715142,
      0.119175
    ],
    "xyz-d65": [
      0.357628,
      0.715142,
      0.119175
    ],
    "xyz-d50": [
      0.385147,
      0.716873,
      0.0970764
    ],
    "srgb": [
      0,
      1,
      0
    ],
    "srgb-linear": [
      6.70552e-8,
      1,
      0
    ],
    "display-p3": [
      0.458607,
      0.985245,
      0.298313
    ],
    "rec2020": [
      0.567642,
      0.959229,
      0.268934
    ],
    "a98-rgb": [
      0.565102,
      0.999973,
      0.234599
    ],
    "prophoto-rgb": [
      0.540279,
      0.927479,
      0.304514
    ],
    "rgb-linear": [
      0.540279,
      0.927479,
      0.304514
    ]
  },
  "#0000ff": {
    "rgb": [
      0,
      0,
      255
    ],
    "hsl": [
      240,
      1,
      0.5
    ],
    "hwb": [
      240,
      0,
      0
    ],
    "lab": [
      29.5653,
      68.3015,
      -112.035
    ],
    "lch": [
      29.5653,
      131.213,
      301.368
    ],
    "oklab": [
      0.451981,
      -0.0324624,
      -0.311523
    ],
    "oklch": [
      0.451981,
      0.31321,
      264.051
    ],
    "xyz": [
      0.180452,
      0.0721746,
      0.950405
    ],
    "xyz-d65": [
      0.180452,
      0.0721746,
      0.950405
    ],
    "xyz-d50": [
      0.143066,
      0.0606079,
      0.714096
    ],
    "srgb": [
      0,
      0,
      1
    ],
    "srgb-linear": [
      0,
      1.86265e-9,
      1
    ],
    "display-p3": [
      -0.0000623775,
      -0.000130182,
      0.959579
    ],
    "rec2020": [
      0.168316,
      0.0510798,
      0.946709
    ],
    "a98-rgb": [
      -0.00593537,
      -0.00869226,
      0.981144
    ],
    "prophoto-rgb": [
      0.336185,
      0.137599,
      0.922718
    ],
    "rgb-linear": [
      0.336185,
      0.137599,
      0.922718
    ]
  },
  "#ffffff": {
    "rgb": [
      255,
      255,
      255
    ],
    "hsl": [
      0,
      0,
      1
    ],
    "hwb": [
      0,
      1,
      0
    ],
    "lab": [
      99.9988,
      0.0188053,
      -0.00110865
    ],
    "lch": [
      99.9988,
      0.0188379,
      356.626
    ],
    "oklab": [
      0.999994,
      0.0000455678,
      0.0000200868
    ],
    "oklch": [
      0.999994,
      0.0000497986,
      23.7884
    ],
    "xyz": [
      0.950506,
      0.999965,
      1.0889
    ],
    "xyz-d65": [
      0.950506,
      0.999965,
      1.0889
    ],
    "xyz-d50": [
      0.964279,
      0.999969,
      0.825089
    ],
    "srgb": [
      1,
      1,
      1
    ],
    "srgb-linear": [
      1,
      1,
      1
    ],
    "display-p3": [
      1.00011,
      0.999962,
      0.999947
    ],
    "rec2020": [
      1.00006,
      0.999947,
      0.999924
    ],
    "a98-rgb": [
      1.00005,
      0.99995,
      1.00011
    ],
    "prophoto-rgb": [
      1.00005,
      0.999966,
      0.999924
    ],
    "rgb-linear": [
      1.00005,
      0.999966,
      0.999924
    ]
  },
  "#000000": {
    "rgb": [
      0,
      0,
      0
    ],
    "hsl": [
      0,
      0,
      0
    ],
    "hwb": [
      0,
      0,
      1
    ],
    "lab": [
      0,
      0,
      0
    ],
    "lch": [
      0,
      0,
      0
    ],
    "oklab": [
      0,
      0,
      0
    ],
    "oklch": [
      0,
      0,
      0
    ],
    "xyz": [
      0,
      0,
      0
    ],
    "xyz-d65": [
      0,
      0,
      0
    ],
    "xyz-d50": [
      0,
      0,
      0
    ],
    "srgb": [
      0,
      0,
      0
    ],
    "srgb-linear": [
      0,
      0,
      0
    ],
    "display-p3": [
      0,
      0,
      0
    ],
    "rec2020": [
      0,
      0,
      0
    ],
    "a98-rgb": [
      0,
      0,
      0
    ],
    "prophoto-rgb": [
      0,
      0,
      0
    ],
    "rgb-linear": [
      0,
      0,
      0
    ]
  }
}