{
  "ranges": {
    "rgb": [[0, 255], [0, 255], [0, 255]],
    "hsl": [[0, 360], [0, 1], [0, 1]],
    "hwb": [[0, 360], [0, 1], [0, 1]],
    "hsv": [[0, 360], [0, 1], [0, 1]],
    "lab": [[0, 100], [-128, 128], [-128, 128]],
    "lch": [[0, 100], [0, 180], [0, 360]],
    "oklab": [[0, 1], [-0.5, 0.5], [-0.5, 0.5]],
    "oklch": [[0, 1], [0, 0.5], [0, 360]],
    "xyz": [[0, 1], [0, 1], [0, 1]],
    "xyz-d65": [[0, 1], [0, 1], [0, 1]],
    "xyz-d50": [[0, 1], [0, 1], [0, 1]]
  },
  "colors": {
    "red": {
      "rgb": [255, 0, 0],
      "hsl": [0, 1, 0.5],
      "hwb": [0, 0, 0],
      "hsv": [0, 1, 1],
      "lab": [53.2408, 80.0925, 67.2032],
      "lab-d65": [53.2408, 80.0925, 67.2032],
      "lab-d50": [53.1924, 80.0696, 67.3321],
      "lch": [53.241, 104.552, 39.999],
      "oklab": [0.628, 0.22, 0.13],
      "oklch": [0.627, 0.25768330773615683, 29.2338851923426],
      "xyz": [0.4124564, 0.2126729, 0.0193339],
      "xyz-d65": [0.4124564, 0.2126729, 0.0193339],
      "xyz-d50": [0.4361, 0.2225, 0.0139]
    },
    "green": {
      "rgb": [0, 255, 0],
      "hsl": [120, 1, 0.5],
      "hwb": [120, 0, 0],
      "hsv": [120, 1, 1],
      "lab": [87.735, -86.183, 83.179],
      "lab-d65": [87.735, -86.183, 83.179],
      "lab-d50": [87.690, -86.107, 83.183],
      "lch": [87.735, 119.776, 136.016],
      "oklab": [0.628, 0.22, 0.13],
      "oklch": [0.627, 0.25768330773615683, 29.2338851923426],
      "xyz": [0.3575761, 0.7151522, 0.1191920],
      "xyz-d65": [0.3575761, 0.7151522, 0.1191920],
      "xyz-d50": [0.3851, 0.7169, 0.0971]
    },
    "blue": {
      "rgb": [0, 0, 255],
      "hsl": [240, 1, 0.5],
      "hwb": [240, 0, 0],
      "hsv": [240, 1, 1],
      "lab": [32.2970, 79.1947, -107.8631],
      "lab-d65": [32.2970, 79.1947, -107.8631],
      "lab-d50": [32.261, 79.201, -107.924],
      "lch": [32.297, 133.808, 306.285],
      "oklab": [0.452, -0.03, -0.31],
      "oklch": [0.45201371838534286, 0.31321437166460125, 264.052020638055],
      "xyz": [0.1804375, 0.0721750, 0.9503041],
      "xyz-d65": [0.1804, 0.0722, 0.9503],
      "xyz-d50": [0.1431, 0.0606, 0.7142]
    },
    "white": {
      "rgb": [255, 255, 255],
      "hsl": [0, 0, 1],
      "hwb": [0, 1, 0],
      "hsv": [0, 0, 1],
      "lab": [100, 0, 0],
      "lab-d65": [100, 0, 0],
      "lab-d50": [100, 0, 0],
      "lch": [100, 0, 0],
      "oklab": [1, 0, 0],
      "oklch": [1, 0, 0],
      "xyz": [0.95047, 1.00000, 1.08883],
      "xyz-d65": [0.95047, 1.00000, 1.08883],
      "xyz-d50": [0.9642, 1.0000, 0.8252]
    },
    "black": {
      "rgb": [0, 0, 0],
      "hsl": [0, 0, 0],
      "hwb": [0, 0, 1],
      "hsv": [0, 0, 0],
      "lab": [0, 0, 0],
      "lab-d65": [0, 0, 0],
      "lab-d50": [0, 0, 0],
      "lch": [0, 0, 0],
      "oklab": [0, 0, 0],
      "oklch": [0, 0, 0],
      "xyz": [0, 0, 0],
      "xyz-d65": [0, 0, 0],
      "xyz-d50": [0, 0, 0]
    },
    "gray": {
      "rgb": [128, 128, 128],
      "hsl": [0, 0, 0.5],
      "hwb": [0, 0.5, 0.5],
      "hsv": [0, 0, 0.5],
      "lab": [53.59, 0, 0],
      "lab-d65": [53.59, 0, 0],
      "lab-d50": [53.49, 0, 0],
      "lch": [53.59, 0, 0],
      "oklab": [0.5, 0, 0],
      "oklch": [0.5, 0, 0],
      "xyz": [0.20517, 0.21586, 0.23504],
      "xyz-d65": [0.20517, 0.21586, 0.23504],
      "xyz-d50": [0.2081, 0.2159, 0.1781]
    }
  }
}
