{
  "red": {
    "rgb": [255,0,0],
    "hsl": [0,1,0.5],
    "hwb": [0,0,0],
    "xyz": [0.412426,0.212648,0.0193173],
    "xyz-d65": [0.412426,0.212648,0.0193173],
    "xyz-d50": [0.436066,0.222488,0.013916],
    "lab": [54.29,80.8198,69.8997],
    "lch": [54.29,106.854,40.856]
  },
  "green": {
    "rgb": [0,128.000055,0],
    "hsl": [120,1,0.2509805],
    "hwb": [120,0,0.498039],
    "xyz": [0.07718,0.154335,0.0257192],
    "xyz-d65": [0.07718,0.154335,0.0257192],
    "xyz-d50": [0.0831189,0.154709,0.0209501],
    "lab": [46.2725,-47.5406,48.5827],
    "lch": [46.2725,67.9734,134.379]
  },
  "blue": {
    "rgb": [0,0,255],
    "hsl": [240,1,0.5],
    "hwb": [240,0,0],
    "xyz": [0.180452,0.0721746,0.950405],
    "xyz-d65": [0.180452,0.0721746,0.950405],
    "xyz-d50": [0.143066,0.0606079,0.714096],
    "lab": [29.5653,68.3015,-112.035],
    "lch": [29.5653,131.213,301.368]
  },
  "yellow": {
    "rgb": [255,255,0],
    "hsl": [60,1,0.5],
    "hwb": [60,0,0],
    "xyz": [0.770054,0.92779,0.138492],
    "xyz-d65": [0.770054,0.92779,0.138492],
    "xyz-d50": [0.821213,0.939362,0.110992],
    "lab": [97.6063,-15.7318,93.396],
    "lch": [97.6063,94.7117,99.5612]
  },
  "cyan": {
    "rgb": [0,255,255],
    "hsl": [180,1,0.5],
    "hwb": [180,0,0],
    "xyz": [0.53808,0.787317,1.06958],
    "xyz-d65": [0.53808,0.787317,1.06958],
    "xyz-d50": [0.528214,0.777481,0.811172],
    "lab": [90.6648,-50.6421,-14.9634],
    "lch": [90.6648,52.8065,196.461]
  },
  "magenta": {
    "rgb": [255,0,255],
    "hsl": [300,1,0.5],
    "hwb": [300,0,0],
    "xyz": [0.592878,0.284822,0.969723],
    "xyz-d65": [0.592878,0.284822,0.969723],
    "xyz-d50": [0.579132,0.283096,0.728012],
    "lab": [60.1674,93.5571,-60.5028],
    "lch": [60.1674,111.416,327.109]
  },
  "black": {
    "rgb": [0,0,0],
    "hsl": [0,0,0],
    "hwb": [0,0,1],
    "xyz": [0,0,0],
    "xyz-d65": [0,0,0],
    "xyz-d50": [0,0,0],
    "lab": [0,0,0],
    "lch": [0,0,0]
  },
  "white": {
    "rgb": [255,255,255],
    "hsl": [0,0,1],
    "hwb": [0,1,0],
    "xyz": [0.950506,0.999965,1.0889],
    "xyz-d65": [0.950506,0.999965,1.0889],
    "xyz-d50": [0.964279,0.999969,0.825089],
    "lab": [99.9988,0.0188053,-0.00110865],
    "lch": [99.9988,0.0188379,356.626]
  },
  "hotpink": {
    "rgb": [255,105.000075,179.99991],
    "hsl": [330,1,0.7058825],
    "hwb": [330,0.411765,0],
    "xyz": [0.545289,0.346583,0.469907],
    "xyz-d65": [0.545289,0.346583,0.469907],
    "xyz-d50": [0.555752,0.351389,0.353535],
    "lab": [65.8567,63.2794,-9.646],
    "lch": [65.8567,64.0104,351.333]
  }
}